bytes,format,height,path,sha256,width
1802527,PNG,1491,public/locked-references/E_metallic_epoxy.png,fe375c63a83d26069085f63110bb32703ce417813f6f01ed02dd9a1e4ba8d939,1055
1925314,PNG,1491,public/locked-references/C_design_center_color_charts.png,95c7ee4338c64faec4e8f486ba3b0fbaed6e2c309bed8b25e9ac6b1d8213f643,1055
1729340,PNG,1491,public/locked-references/D_floor_systems.png,86962482ae72ed7b11450ba48a53c4e8552e651aed850970f32b2a174cdafec8,1055
1712651,PNG,1491,public/locked-references/G_polished_concrete.png,f2143525c94618455f5e82dbe87afd0be5e9b559a008ad36bf026e73754b536c,1055
1778754,PNG,1491,public/locked-references/F_garage_flake.png,115bf5e535f247f9689209301c1212b4ae3c70e5d285f4fe6185e0d5a67dd34c,1055
1640008,PNG,1491,public/locked-references/I_contact.png,ec5a255e97d5cef718e72378449b1ab40343ba015624ef589f2204c18f8859aa,1055
2117568,PNG,1491,public/locked-references/H_exterior_coatings.png,5a0d6c43a60edeb9ea87408e4914a7d9af00bec8f195fe115e4b3959d0e13eb9,1055
1810685,PNG,1491,public/locked-references/A_homepage.png,dea6bd5e463b2114ae155e630ed403701dab6c362763dfe1fc72394d7ecb56a9,1055
1513354,PNG,1491,public/locked-references/B_free_digital_bid.png,b30c1b46a3adeb5c1ca13955b7bbdf311034fcbcc30c4ca0e7e2acc204a7874b,1055
576018,WEBP,2048,public/color-charts/nep-color-chart-glitter-v1.webp,ff645627dd348f5d5f379fba02a4ac9a94b04cfba69b1dd2fb9d345d9cde6237,1536
200696,WEBP,2048,public/color-charts/nep-color-chart-metallic-v1.webp,fc06ce47960ef0a42aaa85eaa53a91cda54f98d5b1d66c4a385a5b80991016f1,1536
268638,WEBP,2048,public/color-charts/nep-color-chart-quartz-v1.webp,3c6aa80757eb1836c4191183852dfc4a9faf4774bb021136f3baae36e64a08f2,1536
427272,WEBP,2048,public/color-charts/nep-color-chart-top-flake-v1.webp,ccf6721bc5be0ab3642025fb6b63a2bd754b14d4a12489bc921eb4bba267f41d,1536
177180,WEBP,2048,public/color-charts/xps-concrete-dye-stain-colors.webp,9eb4aa4b1f6a4b7c8bddae1b1a0cd05e73933079b6dafc44dbcad099bb827e3c,1536
96430,WEBP,2048,public/color-charts/xps-solid-color-epoxy-base-coats.webp,40fa02cbab0cd2277995952918477214d2ba26f7e1784a8848b9d1b034dff8e8,1536
324674,WEBP,2048,public/color-charts/xps-top-flake-colors-approved.webp,589a16f888a048a311ee7eaae2625ed08ec75e5fbc930ecbe5d915683a9db6c8,1536
494996,WEBP,2048,public/color-charts/xps-top-glitter-additive-colors.webp,3ecabf791ebddb6d609a7b845a97c301ed58ef3d2f136a020d3eb0f258218c62,1536
167112,WEBP,2048,public/color-charts/xps-top-metallic-colors-standardized.webp,c2a64957b1add04bb4abeff55a5099abc9b73423a7c6c74f14ccd0f8d87c83a3,1536
226810,WEBP,2048,public/color-charts/xps-top-quartz-colors-standardized.webp,0c564ba1262e12c3ff248b3c29fb0eeeb97dd085b808a81dc8ce0c3fd677fb4b,1536
3023682,PNG,1024,public/images/floor-systems/nep-polished-concrete-commercial-lobby.png,d0bcb0e5e1a77af5a53eb61d11c03bf510102f6a1578fa9d76669547147a3516,1536
3614890,PNG,1024,public/images/floor-systems/nep-metallic-epoxy-luxury-lounge.png,77aaeee9b1b026a695e529ac9dc2cfb8a2ce6b6dda763404499c5c5f95df1273,1536
3425096,PNG,1024,public/images/floor-systems/nep-polished-concrete-retail.png,10e378d31efa6cc97f975b2f082664b11624c753cac13d60346d17ba278d9086,1536
3638671,PNG,1024,public/images/floor-systems/nep-decorative-concrete-countertop.png,5d7402c2fcef487b7c9e20423f2997d94a836a8c4b5621df5ed82d20f6edf265,1536
2924995,PNG,1024,public/images/floor-systems/nep-metallic-epoxy-residential.png,604b9c359938c2790c429f64479fb25a9000bba243c5d0d9d891b2a02ab32e64,1536
4055940,PNG,941,public/images/floor-systems/nep-solid-color-commercial-epoxy.png,2f76b1b318f2d7bde3c4fdc073d307b662baf6ae4e648df1a8974531227a05a2,1672
4192609,PNG,941,public/images/floor-systems/nep-exterior-patio-coating.png,62234916c90fbb78342f438bf234fd9d694745bf17372477b192cab656acce54,1672
2317177,PNG,941,public/images/floor-systems/nep-exterior-driveway-coating.png,45960f2bbcdd53975a0c7b80f35f670437e2af9299a884e2695bf303257a5430,1672
3875619,PNG,941,public/images/floor-systems/nep-hero-flake-garage-sports-cars.png,0c1fc4d31c5a538a03781008fc5e4cfd7ab38cafa5ef99a9ac27654ddd337e8b,1672
136291,PNG,520,public/logos/nep-logo-horizontal-black-gold-v1-preview.png,b73d50f2e2a01cd32da83fbd4f5731ea543d880920232b8470e871b39c6a7c70,1800
27049,,,public/logos/nep-logo-horizontal-black-gold-v1.svg,5e711d1a9fa886821e1f17e72e3ca1480539142ba36b725f6210abaab7108d7c,
9026,PNG,128,public/icons/icon-128x128.png,bf6a9e40c28dbfbab8c171f39e3b1f67de0386d9a4ce088c452afea98f78a68a,128
10744,PNG,144,public/icons/icon-144x144.png,d570a1e39f2dec8f1081e20fcc5225ad1b9a7ac6b686198c6586ed8f347535ae,144
11639,PNG,152,public/icons/icon-152x152.png,2687b0a8b0ea8be11264d41364bacef84e2903a3f86b11fee61d0d2fc48697ea,152
13352,PNG,167,public/icons/icon-167x167.png,3a097923aa2c47976a84e9fdbe544dd64c45f4563e0cca44e7b83870cb93244b,167
14765,PNG,180,public/icons/icon-180x180.png,80bb200f994f9912285fd2e25a72cefd4444abc3bbc3f5d9ed7e9d9c74031601,180
16368,PNG,192,public/icons/icon-192x192.png,45b44cb9e83a7e32c90ff2e2324f22a776b0d0d17f669564b9f5ead52b3b789b,192
42774,PNG,384,public/icons/icon-384x384.png,0ee4e4f8c5d36e498cb2a2ee712fa7491e5ed635f15dfffcc76b925d77ac6d8a,384
61610,PNG,512,public/icons/icon-512x512.png,a0e90061c6f097d3e3c6f5c833df4c4c0525be27e585b9334d1b2ab502a28969,512
3954,PNG,72,public/icons/icon-72x72.png,752ce06f4dae03ccb9e467cf13169986f27724c3c299c9e036c50955a5eb9dd4,72
6027,PNG,96,public/icons/icon-96x96.png,35326abc9cd7bfbc85470bbf8c8876ade94f37c7cffb02aaa88ca931967d50fc,96
16368,PNG,192,public/icons/maskable-icon-192x192.png,45b44cb9e83a7e32c90ff2e2324f22a776b0d0d17f669564b9f5ead52b3b789b,192
61610,PNG,512,public/icons/maskable-icon-512x512.png,a0e90061c6f097d3e3c6f5c833df4c4c0525be27e585b9334d1b2ab502a28969,512
26362,,,public/icons/nep-us-network-icon-dark.svg,0fc11d05dcfee589543f84512f26647710795b8fc12153dfa9b1595776f78209,
26305,,,public/icons/nep-us-network-icon-light.svg,807d7db51c297237bcbd16784415046815c82b404962d3fc3059f42aa3286247,
26392,,,public/icons/pwa-icon-source.svg,7c290d476102c8cc50d7c69b9a009561d47c84f9eaadf3bfe3f3e0df124f58b2,
